id,question,gold,n_gold_triples,ppr@1,ppr_recall@1,ppr@3,ppr_recall@3,ppr@5,ppr_recall@5,ppr@10,ppr_recall@10,ppr_mrr,ppr_mean_rr,ppr_first_relevant_rank,extract_embed@1,extract_embed_recall@1,extract_embed@3,extract_embed_recall@3,extract_embed@5,extract_embed_recall@5,extract_embed@10,extract_embed_recall@10,extract_embed_mrr,extract_embed_mean_rr,extract_embed_first_relevant_rank,failures
S1,"If both places have equal population growth, is the population in Horsens going to reach 60000 before Ikast?",True,2,False,0.5,False,1.0,False,1.0,False,1.0,1.0,0.75,1,False,0.5,False,1.0,False,1.0,False,1.0,1.0,0.75,1,
S2,Is Yui Yuigahama's pet a corgi?,False,2,False,0.5,True,1.0,True,1.0,True,1.0,1.0,0.75,1,True,0.5,True,0.5,True,0.5,True,0.5,1.0,0.5,1,
S3,Does Leopold Lanner's wife make a living using her voice?,True,2,False,0.5,True,1.0,True,1.0,True,1.0,1.0,0.75,1,True,0.5,True,0.5,True,0.5,True,0.5,1.0,0.5,1,
S5,Was the predecessor of Ulf Kristersson in the position of Prime Minister a woman?,True,2,True,0.5,True,0.5,True,0.5,True,0.5,1.0,0.5166666666666667,1,True,0.5,True,0.5,True,0.5,True,0.5,1.0,0.5,1,
S13,Could someone in Vaughan take a taxi to the Jamjuree Art Gallery?,False,2,False,0.5,False,1.0,False,1.0,False,1.0,1.0,0.75,1,True,0.5,False,1.0,False,1.0,False,1.0,1.0,0.75,1,
S37,Could you travel from Gujan to Aousserd only by car?,False,4,False,0.25,True,0.75,True,1.0,True,1.0,1.0,0.5083333333333333,1,False,0.25,False,0.5,True,0.5,True,0.5,1.0,0.375,1,
S51,Could Ianis Hagi’s dad have seen his debut in Serie A?,True,3,False,0.3333333333333333,True,1.0,True,1.0,True,1.0,1.0,0.611111111111111,1,True,0.3333333333333333,True,1.0,True,1.0,True,1.0,1.0,0.611111111111111,1,
S87,Could Paolo Cannavaro have suffered from middle child syndrome?,False,1,False,1.0,False,1.0,False,1.0,False,1.0,1.0,1.0,1,False,1.0,False,1.0,False,1.0,False,1.0,1.0,1.0,1,
S95,Could an IKCO Samand make a vlog on its own?,False,1,False,1.0,False,1.0,False,1.0,False,1.0,1.0,1.0,1,False,1.0,False,1.0,False,1.0,False,1.0,1.0,1.0,1,
S131,Would Pinar Abay typically clean toilets at ING Bank N.V. headquarters?,False,1,False,1.0,False,1.0,False,1.0,False,1.0,1.0,1.0,1,False,1.0,False,1.0,False,1.0,False,1.0,1.0,1.0,1,
S142,Can Arimasa Mori talk to citizens of New Brunswick with no translators involved?,True,2,True,0.5,True,1.0,True,1.0,True,1.0,1.0,0.75,1,True,0.5,True,1.0,True,1.0,True,1.0,1.0,0.75,1,
S160,Could Arsen Minasian travel to Tehran without requiring a passport?,True,2,True,0.5,True,1.0,True,1.0,True,1.0,1.0,0.75,1,True,0.5,True,1.0,True,1.0,True,1.0,1.0,0.75,1,
S164,Would it be likely for David Fenimore Anderson to explain the Pythagorian theorem in a class?,True,1,True,1.0,True,1.0,True,1.0,True,1.0,1.0,1.0,1,True,1.0,True,1.0,True,1.0,True,1.0,1.0,1.0,1,
S175,Is Lee Hyori a major singer in the Disco genre?,False,2,False,0.5,False,1.0,False,1.0,False,1.0,1.0,0.75,1,False,0.5,True,1.0,True,1.0,True,1.0,1.0,0.75,1,
S184,Did Bernard Gohienetxe experience a peaceful death?,False,1,False,1.0,False,1.0,False,1.0,False,1.0,1.0,1.0,1,False,1.0,False,1.0,False,1.0,False,1.0,1.0,1.0,1,
S4,Would it have been possible for Maria de Ventadorn to speak to someone 100 miles away?,False,2,False,0.5,False,1.0,True,1.0,False,1.0,1.0,0.75,1,False,0.5,False,1.0,False,1.0,False,1.0,1.0,0.75,1,
S10,Would The Tinker Tailor Soldier Spy be an appropriate film to show in a preschool class?,False,1,True,1.0,False,1.0,False,1.0,False,1.0,1.0,1.0,1,False,1.0,False,1.0,False,1.0,False,1.0,1.0,1.0,1,
S34,Are any of Mahmoud Dowlatabadi's works in the genre of The Makioka Sisters?,True,3,False,0.3333333333333333,True,1.0,False,1.0,False,1.0,1.0,0.611111111111111,1,False,0.3333333333333333,False,0.3333333333333333,False,0.3333333333333333,False,0.3333333333333333,1.0,0.3333333333333333,1,
S55,Did Ala al-Din Muhammad III suffer from a mental disorder?,True,1,True,1.0,True,1.0,True,1.0,True,1.0,1.0,1.0,1,True,1.0,True,1.0,True,1.0,True,1.0,1.0,1.0,1,
S124,Did Ivan Shuisky suffer the same fate as Benny Frey?,True,2,False,0.5,True,1.0,True,1.0,True,1.0,1.0,0.75,1,False,0.5,True,1.0,True,1.0,True,1.0,1.0,0.75,1,
