id,question,gold,n_gold_triples,gss@1,gss@3,gss@5,gss@10,failures
S1,"If both places have equal population growth, is the population in Horsens going to reach 60000 before Ikast?",True,2,INSUFFICIENT,False,False,INSUFFICIENT,
S2,Is Yui Yuigahama's pet a corgi?,False,2,False,False,False,False,
S3,Does Leopold Lanner's wife make a living using her voice?,True,2,INSUFFICIENT,False,False,False,
S5,Was the predecessor of Ulf Kristersson in the position of Prime Minister a woman?,True,2,False,False,True,False,
S13,Could someone in Vaughan take a taxi to the Jamjuree Art Gallery?,False,2,False,False,False,True,
S37,Could you travel from Gujan to Aousserd only by car?,False,4,False,True,True,True,
S51,Could Ianis Hagi’s dad have seen his debut in Serie A?,True,3,False,False,True,False,
S87,Could Paolo Cannavaro have suffered from middle child syndrome?,False,1,False,False,False,False,
S95,Could an IKCO Samand make a vlog on its own?,False,1,False,False,False,False,
S131,Would Pinar Abay typically clean toilets at ING Bank N.V. headquarters?,False,1,False,False,False,False,
S142,Can Arimasa Mori talk to citizens of New Brunswick with no translators involved?,True,2,False,False,False,False,
S160,Could Arsen Minasian travel to Tehran without requiring a passport?,True,2,INSUFFICIENT,INSUFFICIENT,INSUFFICIENT,INSUFFICIENT,
S164,Would it be likely for David Fenimore Anderson to explain the Pythagorian theorem in a class?,True,1,False,False,False,False,
S175,Is Lee Hyori a major singer in the Disco genre?,False,2,False,True,True,True,
S184,Did Bernard Gohienetxe experience a peaceful death?,False,1,False,False,False,INSUFFICIENT,
S4,Would it have been possible for Maria de Ventadorn to speak to someone 100 miles away?,False,2,False,False,False,False,
S10,Would The Tinker Tailor Soldier Spy be an appropriate film to show in a preschool class?,False,1,False,False,False,False,
S34,Are any of Mahmoud Dowlatabadi's works in the genre of The Makioka Sisters?,True,3,False,False,False,False,
S55,Did Ala al-Din Muhammad III suffer from a mental disorder?,True,1,True,False,False,False,
S124,Did Ivan Shuisky suffer the same fate as Benny Frey?,True,2,False,False,False,False,
